BlockName,X,Y,Z,CODE,DESC,ELEV,ELEV2,NAME,NOTE,NOTE2,PNTS
Point-Underhill,970.797,1080.586,55.335,41,curb,55.335,,,,,20011
Point-Underhill,967.771,1084.254,55.800,41,curb,55.800,,,,,20011
Point-Underhill,964.746,1087.921,56.265,41,curb,56.265,,,,,20011
Point-Underhill,847.337,978.684,54.045,39,pavement,54.045,,,,,10510
Point-Underhill,843.907,982.834,54.660,39,pavement,54.660,,,,,10510
Point-Underhill,840.477,986.985,55.275,39,pavement,55.275,,,,,10510
Point-Underhill,833.523,995.401,56.434,39,pavement,56.434,,,,,10546
Point-Underhill,829.999,999.666,56.978,39,pavement,56.978,,,,,10546
Point-Underhill,826.474,1003.930,57.522,39,pavement,57.522,,,,,10546
Point-Underhill,822.950,1008.195,58.066,39,pavement,58.066,,,,,10546
Point-Underhill,819.426,1012.460,58.610,39,pavement,58.61,,,,,10546
Point-Underhill,885.620,932.294,46.371,42,gutter,47.30,,,,,10787
Point-Underhill,877.357,942.355,48.183,39,pavement,48.06,,,,,10435
Point-Underhill,988.073,1059.657,52.374,42,gutter,52.44,,,,,10088
Point-Underhill,949.025,1106.972,58.829,39,pavement,58.81,,,,,10128
Point-Underhill,955.319,1099.345,57.788,39,pavement,57.82,,,,,10129
Point-Underhill,1021.855,1018.789,49.020,42,gutter,49.02,,,,,10007
Point-Underhill,1009.414,1033.851,49.020,42,gutter,49.02,,,,,10007
Point-Underhill,1008.613,1034.821,49.100,42,gutter,49.10,,,,,10010
Point-Underhill,999.650,1045.672,50.390,42,gutter,50.39,,,,,10061
Point-Underhill,995.649,1050.516,51.230,39,pavement,51.23,,,,,10044
Point-Underhill,981.648,1067.465,53.640,39,pavement,53.64,,,,,10095
Point-Underhill,898.419,916.866,47.300,42,gutter,47.30,,,,,10788
Point-Underhill,959.536,967.329,48.130,42,gutter,48.13,,,,,10957
Point-Underhill,953.728,962.533,48.030,42,gutter,48.03,,,,,10947
Point-Underhill,951.308,960.536,47.970,42,gutter,47.97,,,,,10946
Point-Underhill,944.301,954.742,47.920,42,gutter,47.92,,,,,10805
Point-Underhill,931.409,944.105,47.540,42,gutter,47.54,,,,,10801
Point-Underhill,921.936,936.280,47.430,42,gutter,47.43,,,,,10795
Point-Underhill,913.931,929.675,47.300,42,gutter,47.30,,,,,10788
Point-Underhill,1001.464,1001.948,48.890,42,gutter,48.89,,,,,10041
Point-Underhill,993.194,995.119,48.750,42,gutter,48.75,,,,,10040
Point-Underhill,986.522,989.609,48.590,42,gutter,48.59,,,,,10037
Point-Underhill,976.021,980.940,48.470,42,gutter,48.47,,,,,10034
Point-Underhill,968.338,974.597,48.290,42,gutter,48.29,,,,,10031
Point-Underhill,963.162,970.323,48.200,42,gutter,48.20,,,,,10030
Point-Underhill,1006.912,1006.445,49.020,42,gutter,49.02,,,,,10007
Point-Underhill,1005.421,1005.215,48.990,42,gutter,48.99,,,,,10006
Point-Underhill,1003.707,1003.800,48.950,42,gutter,48.95,,,,,10002
Point-Underhill,873.082,947.528,49.040,42,gutter,49.04,,,,,10450
Point-Underhill,837.047,991.136,55.890,39,pavement,55.89,,,,,10510
Point-Underhill,850.767,974.533,53.430,39,pavement,53.43,,,,,10490
Point-Underhill,857.015,966.971,52.210,39,pavement,52.21,,,,,10472
Point-Underhill,864.552,957.850,50.750,39,pavement,50.75,,,,,10463
Point-Underhill,815.417,1017.312,58.890,42,gutter,58.89,,,,,10548
Point-Underhill,845.759,1042.310,60.590,37.BM,nat grnd,60.59,,,,,22054
Point-Underhill,944.399,1112.560,59.470,41,curb,59.47,,,,,20009
Point-Underhill,938.269,1119.957,60.460,41,curb,60.46,,,,,20008
Point-Underhill,921.882,1106.702,60.960,37,nat grnd,60.96,,,,,20022
Point-Underhill,961.720,1091.589,56.730,41,curb,56.73,,,,,20011
Point-Underhill,973.822,1076.918,54.870,41,curb,54.87,,,,,20019
Point-Underhill,975.984,1074.303,54.480,41,curb,54.48,,,,,20020
Point-Underhill,960.268,1093.348,56.970,41,curb,56.97,,,,,20010
Point-Underhill,888.741,1079.623,60.690,37.LEVEL,nat grnd,60.69,,,,,22061
Point-Underhill,881.434,1072.780,60.690,37.LEVEL,nat grnd,60.69,,,,,22062
Point-Underhill,873.918,1069.056,60.840,47,building,60.84,,,,,22056
Point-Underhill,874.195,1067.228,60.690,37.LEVEL,nat grnd,60.69,,,,,22063
Point-Underhill,861.731,1058.993,60.630,47,building,60.63,,,,,22058
Point-Underhill,865.092,1058.058,60.680,37.LEVEL,nat grnd,60.68,,,,,22066
Point-Underhill,854.365,1052.923,60.620,47,building,60.62,,,,,22059
Point-Underhill,859.103,1052.071,60.680,37.LEVEL,nat grnd,60.68,,,,,22064
Point-Underhill,849.435,1046.428,60.680,37.LEVEL,nat grnd,60.68,,,,,22065
Point-Underhill,940.605,999.794,49.940,52,hedge,49.94,,,,,10846
Point-Underhill,947.339,982.100,48.130,42,gutter,48.13,,,,,10957
Point-Underhill,947.181,982.383,48.320,41,curb,48.32,,,,,10956
Point-Underhill,946.585,983.305,48.310,42,gutter,48.31,,,,,10955
Point-Underhill,946.420,983.530,48.140,42,gutter,48.14,,,,,10954
Point-Underhill,940.143,977.858,48.030,42,gutter,48.03,,,,,10951
Point-Underhill,940.415,977.877,48.140,41,curb,48.14,,,,,10950
Point-Underhill,940.861,978.171,48.140,41,curb,48.14,,,,,10949
Point-Underhill,941.319,977.462,48.130,41,curb,48.13,,,,,10948
Point-Underhill,941.477,977.370,48.030,42,gutter,48.03,,,,,10947
Point-Underhill,939.040,975.394,47.970,42,gutter,47.97,,,,,10946
Point-Underhill,938.822,975.432,48.070,41,curb,48.07,,,,,10945
Point-Underhill,937.771,975.668,48.080,41,curb,48.08,,,,,10944
Point-Underhill,937.637,975.672,48.100,41,curb,48.10,,,,,10943
Point-Underhill,937.642,975.818,47.980,42,gutter,47.98,,,,,10942
Point-Underhill,939.134,1001.926,50.270,50,sidewalk,50.27,,,,,10940
Point-Underhill,940.529,1000.259,50.010,37,nat grnd,50.01,,,,,10939
Point-Underhill,940.376,1000.388,50.050,41.50,curb,50.05,,,,,10938
Point-Underhill,944.107,1003.141,49.980,37,nat grnd,49.98,,,,,10936
Point-Underhill,947.215,1005.724,50.230,41,curb,50.23,,,,,10935
Point-Underhill,961.609,1013.869,49.450,40,concrete,49.45,,,,,10933
Point-Underhill,961.198,1013.574,49.430,40,concrete,49.43,,,,,10932
Point-Underhill,960.701,1014.230,49.460,40,concrete,49.46,,,,,10931
Point-Underhill,961.076,1014.560,49.470,40,concrete,49.47,,,,,10930
Point-Underhill,952.034,1009.745,50.360,29.41,step,50.36,,,,,10929
Point-Underhill,952.704,1008.902,50.060,29,step,50.06,,,,,10928
Point-Underhill,954.795,1010.707,50.150,29,step,50.15,,,,,10927
Point-Underhill,954.827,1012.094,50.410,41,curb,50.41,,,,,10926
Point-Underhill,959.099,1018.388,50.470,50,sidewalk,50.47,,,,,10925
Point-Underhill,959.641,1016.022,50.310,37,nat grnd,50.31,,,,,10924
Point-Underhill,959.481,1016.156,50.450,41,curb,50.45,,,,,10923
Point-Underhill,945.105,1006.956,50.210,47,building,50.21,,,,,10917
Point-Underhill,966.591,1024.739,50.580,47,building,50.58,,,,,10916
Point-Underhill,981.568,1037.095,51.100,47,building,51.10,,,,,10915
Point-Underhill,971.364,1028.655,50.690,50,sidewalk,50.69,,,,,10914
Point-Underhill,973.334,1027.596,50.590,41,curb,50.59,,,,,10913
Point-Underhill,973.383,1027.464,50.430,37,nat grnd,50.43,,,,,10912
Point-Underhill,978.183,1031.444,50.560,37,nat grnd,50.56,,,,,10911
Point-Underhill,978.305,1031.571,50.670,50.41,sidewalk,50.67,,,,,10908
Point-Underhill,981.516,1034.383,50.780,50.50,sidewalk,50.78,,,,,10907
Point-Underhill,985.796,1029.715,49.860,41,curb,49.86,,,,,10906
Point-Underhill,986.048,1029.665,49.700,42,gutter,49.70,,,,,10905
Point-Underhill,984.076,1027.604,49.530,42,gutter,49.53,,,,,10904
Point-Underhill,983.884,1027.709,49.680,41,curb,49.68,,,,,10903
Point-Underhill,981.898,1026.715,49.590,41,curb,49.59,,,,,10902
Point-Underhill,981.921,1026.746,49.470,42,gutter,49.47,,,,,10901
Point-Underhill,979.947,1026.367,49.460,42,gutter,49.46,,,,,10900
Point-Underhill,979.995,1026.648,49.620,41,curb,49.62,,,,,10899
Point-Underhill,977.569,1026.354,49.660,41,curb,49.66,,,,,10898
Point-Underhill,977.639,1026.234,49.470,42,gutter,49.47,,,,,10897
Point-Underhill,975.649,1024.959,49.450,42,gutter,49.45,,,,,10896
Point-Underhill,975.538,1025.167,49.630,41,curb,49.63,,,,,10895
Point-Underhill,971.114,1021.552,49.570,41,curb,49.57,,,,,10893
Point-Underhill,970.977,1021.167,49.390,42,gutter,49.39,,,,,10892
Point-Underhill,970.935,1021.356,49.570,50,sidewalk,49.57,,,,,10891
Point-Underhill,970.295,1022.186,49.600,50,sidewalk,49.60,,,,,10890
Point-Underhill,966.859,1019.326,49.520,50,sidewalk,49.52,,,,,10887
Point-Underhill,967.625,1018.579,49.490,50,sidewalk,49.49,,,,,10886
Point-Underhill,962.460,1014.178,49.230,42,gutter,49.23,,,,,10883
Point-Underhill,961.612,1015.114,49.410,50,sidewalk,49.41,,,,,10882
Point-Underhill,961.221,1015.639,49.380,50,sidewalk,49.38,,,,,10877
Point-Underhill,956.905,1012.063,49.420,50,sidewalk,49.42,,,,,10876
Point-Underhill,957.324,1011.482,49.400,35.50,bot wall,49.40,,,,,10874
Point-Underhill,956.098,1010.457,49.380,35.50,bot wall,49.38,,,,,10870
Point-Underhill,955.851,1010.426,49.390,50.29,sidewalk,49.39,,,,,10869
Point-Underhill,952.727,1007.873,49.220,50.29,sidewalk,49.22,,,,,10868
Point-Underhill,952.592,1007.497,49.200,50,sidewalk,49.20,,,,,10865
Point-Underhill,952.371,1005.626,48.960,42,gutter,48.96,,,,,10863
Point-Underhill,952.214,1005.738,49.120,50,sidewalk,49.12,,,,,10862
Point-Underhill,951.387,1006.557,49.150,50,sidewalk,49.15,,,,,10861
Point-Underhill,950.987,1007.208,49.150,50,sidewalk,49.15,,,,,10857
Point-Underhill,946.676,1003.577,49.140,50,sidewalk,49.14,,,,,10856
Point-Underhill,947.087,1002.979,49.120,35.50,bot wall,49.12,,,,,10852
Point-Underhill,942.762,999.322,49.660,50,sidewalk,49.66,,,,,10849
Point-Underhill,941.582,999.438,49.820,50,sidewalk,49.82,,,,,10848
Point-Underhill,940.520,998.409,49.720,50,sidewalk,49.72,,,,,10843
Point-Underhill,943.132,998.115,49.620,50,sidewalk,49.62,,,,,10842
Point-Underhill,947.875,1002.140,49.090,50,sidewalk,49.09,,,,,10841
Point-Underhill,947.972,1002.094,48.960,42,gutter,48.96,,,,,10840
Point-Underhill,947.097,1001.290,49.000,41,curb,49.00,,,,,10839
Point-Underhill,946.889,1000.676,48.870,42,gutter,48.87,,,,,10838
Point-Underhill,946.265,998.750,48.810,42,gutter,48.81,,,,,10837
Point-Underhill,946.110,998.812,48.900,41,curb,48.90,,,,,10836
Point-Underhill,944.922,997.366,48.950,41,curb,48.95,,,,,10835
Point-Underhill,944.920,997.184,48.840,42,gutter,48.84,,,,,10834
Point-Underhill,941.457,997.513,49.370,42,gutter,49.37,,,,,10833
Point-Underhill,941.535,997.529,49.460,41,curb,49.46,,,,,10832
Point-Underhill,939.801,998.794,49.830,41.42,curb,49.83,,,,,10831
Point-Underhill,944.563,998.984,49.320,52,hedge,49.32,,,,,10830
Point-Underhill,943.238,998.191,49.390,52,hedge,49.39,,,,,10829
Point-Underhill,942.205,998.033,49.450,52,hedge,49.45,,,,,10828
Point-Underhill,945.399,997.447,48.800,52,hedge,48.80,,,,,10827
Point-Underhill,942.625,996.650,49.120,52,hedge,49.12,,,,,10826
Point-Underhill,944.102,995.449,48.820,39.45,pavement,48.82,,,,,10825
Point-Underhill,940.423,991.216,48.560,39.45,pavement,48.56,,,,,10824
Point-Underhill,936.037,987.637,48.470,39.45,pavement,48.47,,,,,10823
Point-Underhill,936.492,990.904,48.870,42,gutter,48.87,,,,,10822
Point-Underhill,936.266,990.998,49.060,41,curb,49.06,,,,,10821
Point-Underhill,936.128,989.133,48.810,41,curb,48.81,,,,,10820
Point-Underhill,936.345,989.131,48.630,42,gutter,48.63,,,,,10819
Point-Underhill,935.034,986.755,48.470,42,gutter,48.47,,,,,10818
Point-Underhill,934.904,986.835,48.580,41,curb,48.58,,,,,10817
Point-Underhill,929.952,982.722,48.500,41,curb,48.50,,,,,10816
Point-Underhill,930.087,982.650,48.360,42,gutter,48.36,,,,,10815
Point-Underhill,922.160,976.143,48.220,42,gutter,48.22,,,,,10814
Point-Underhill,939.909,976.154,48.070,41,curb,48.07,,,,,10811
Point-Underhill,939.909,976.183,48.070,41,curb,48.07,,,,,10810
Point-Underhill,939.920,976.114,47.980,42,gutter,47.98,,,,,10809
Point-Underhill,938.170,976.299,47.990,42,gutter,47.99,,,,,10808
Point-Underhill,938.241,976.286,48.080,41,curb,48.08,,,,,10807
Point-Underhill,932.040,969.592,47.920,42,gutter,47.92,,,,,10805
Point-Underhill,931.960,969.580,48.040,41,curb,48.04,,,,,10804
Point-Underhill,930.915,970.200,48.050,41,curb,48.05,,,,,10803
Point-Underhill,930.875,970.258,47.940,42,gutter,47.94,,,,,10802
Point-Underhill,919.190,958.903,47.540,42,gutter,47.54,,,,,10801
Point-Underhill,919.063,958.973,47.670,41,curb,47.67,,,,,10800
Point-Underhill,918.500,959.907,47.700,41,curb,47.70,,,,,10799
Point-Underhill,918.675,959.855,47.690,41,curb,47.69,,,,,10798
Point-Underhill,918.416,959.924,47.610,42,gutter,47.61,,,,,10797
Point-Underhill,909.675,951.130,47.430,42,gutter,47.43,,,,,10795
Point-Underhill,909.570,951.217,47.600,41,curb,47.60,,,,,10794
Point-Underhill,908.858,951.986,47.630,41,curb,47.63,,,,,10793
Point-Underhill,908.770,952.092,47.450,42,gutter,47.45,,,,,10792
Point-Underhill,902.226,945.085,47.470,41,curb,47.47,,,,,10789
Point-Underhill,902.298,945.042,47.300,42,gutter,47.30,,,,,10788
Point-Underhill,901.037,944.880,47.300,42,gutter,47.30,,,,,10787
Point-Underhill,901.062,944.910,47.450,41,curb,47.45,,,,,10786
Point-Underhill,901.520,945.975,47.500,41,curb,47.50,,,,,10785
Point-Underhill,901.476,946.031,47.310,42,gutter,47.31,,,,,10784
Point-Underhill,890.756,956.086,48.480,42,gutter,48.48,,,,,10782
Point-Underhill,894.670,955.863,48.080,42,gutter,48.08,,,,,10781
Point-Underhill,894.615,956.104,48.200,41,curb,48.20,,,,,10780
Point-Underhill,899.669,957.879,47.960,41,curb,47.96,,,,,10779
Point-Underhill,899.679,957.710,47.830,42,gutter,47.83,,,,,10778
Point-Underhill,905.634,962.458,47.890,42,gutter,47.89,,,,,10777
Point-Underhill,905.571,962.616,48.010,41,curb,48.01,,,,,10776
Point-Underhill,909.569,965.930,47.990,41,curb,47.99,,,,,10775
Point-Underhill,909.541,965.811,47.860,42,gutter,47.86,,,,,10774
Point-Underhill,916.292,971.341,48.090,42,gutter,48.09,,,,,10773
Point-Underhill,916.148,971.389,48.230,41,curb,48.23,,,,,10772
Point-Underhill,898.582,961.428,48.760,37,nat grnd,48.76,,,,,10771
Point-Underhill,893.870,961.944,49.320,50,sidewalk,49.32,,,,,10770
Point-Underhill,892.221,963.279,49.430,50,sidewalk,49.43,,,,,10769
Point-Underhill,889.581,961.032,49.390,50.39,sidewalk,49.39,,,,,10768
Point-Underhill,890.641,959.260,49.220,50,sidewalk,49.22,,,,,10767
Point-Underhill,890.236,958.232,49.050,50,sidewalk,49.05,,,,,10766
Point-Underhill,889.130,961.044,49.690,40,concrete,49.69,,,,,10763
Point-Underhill,888.613,960.649,49.690,40,concrete,49.69,,,,,10762
Point-Underhill,888.696,961.608,49.700,40,concrete,49.70,,,,,10761
Point-Underhill,876.119,975.426,51.940,39.35,pavement,51.94,,,,,10759
Point-Underhill,881.141,969.130,50.760,39.35,pavement,50.76,,,,,10758
Point-Underhill,884.057,965.893,50.250,39.35,pavement,50.25,,,,,10757
Point-Underhill,887.785,964.183,49.760,39.35,pavement,49.76,,,,,10756
Point-Underhill,890.966,964.030,49.490,39.35,pavement,49.49,,,,,10755
Point-Underhill,895.106,965.541,49.370,50.35.39,sidewalk,49.37,,,,,10753
Point-Underhill,899.188,968.947,49.430,50.35,sidewalk,49.43,,,,,10752
Point-Underhill,900.705,967.502,49.390,50,sidewalk,49.39,,,,,10751
Point-Underhill,901.190,967.191,49.290,52,hedge,49.29,,,,,10750
Point-Underhill,903.751,964.632,48.540,52,hedge,48.54,,,,,10749
Point-Underhill,907.943,967.499,48.450,52,hedge,48.45,,,,,10748
Point-Underhill,905.782,970.781,49.360,52,hedge,49.36,,,,,10747
Point-Underhill,905.782,970.779,49.360,52,hedge,49.36,,,,,10746
Point-Underhill,904.392,970.729,49.460,50,sidewalk,49.46,,,,,10745
Point-Underhill,910.585,978.310,49.670,50.35,sidewalk,49.67,,,,,10741
Point-Underhill,911.967,976.917,49.620,50,sidewalk,49.62,,,,,10740
Point-Underhill,920.941,986.870,49.860,50.35,sidewalk,49.86,,,,,10736
Point-Underhill,922.149,985.248,49.830,50,sidewalk,49.83,,,,,10735
Point-Underhill,931.989,986.199,48.810,52,hedge,48.81,,,,,10734
Point-Underhill,929.147,984.734,48.920,52,hedge,48.92,,,,,10733
Point-Underhill,925.556,987.669,49.840,52,hedge,49.84,,,,,10732
Point-Underhill,929.629,991.039,49.870,52,hedge,49.87,,,,,10731
Point-Underhill,931.561,989.845,49.470,52,hedge,49.47,,,,,10730
Point-Underhill,936.622,997.065,49.740,32,OH elec line,49.74,,,,,10729
Point-Underhill,931.165,992.718,49.930,50,sidewalk,49.93,,,,,10727
Point-Underhill,930.823,995.023,50.060,50.35,sidewalk,50.06,,,,,10726
Point-Underhill,933.365,996.404,49.980,39.51,pavement,49.98,,,,,10725
Point-Underhill,933.049,996.621,50.030,39.51,pavement,50.03,,,,,10724
Point-Underhill,932.667,996.613,50.060,39.51,pavement,50.06,,,,,10723
Point-Underhill,931.546,995.732,50.100,51,crossover,50.10,,,,,10722
Point-Underhill,932.892,994.183,49.900,51,crossover,49.90,,,,,10721
Point-Underhill,933.837,994.748,49.990,41.51,curb,49.99,,,,,10720
Point-Underhill,934.611,995.044,49.660,42,gutter,49.66,,,,,10719
Point-Underhill,935.714,993.599,49.280,42,gutter,49.28,,,,,10718
Point-Underhill,935.572,993.542,49.460,41,curb,49.46,,,,,10717
Point-Underhill,935.508,993.519,49.460,42,gutter,49.46,,,,,10716
Point-Underhill,936.244,991.399,49.030,42,gutter,49.03,,,,,10715
Point-Underhill,936.552,990.996,48.770,42,gutter,48.77,,,,,10714
Point-Underhill,939.254,999.398,49.860,39.50,pavement,49.86,,,,,10710
Point-Underhill,938.033,1001.005,50.180,39.50,pavement,50.18,,,,,10709
Point-Underhill,938.210,1001.143,50.180,39.50,pavement,50.18,,,,,10708
Point-Underhill,930.891,995.781,50.270,39.45,pavement,50.27,,,,,10707
Point-Underhill,929.359,998.453,50.540,39.45,pavement,50.54,,,,,10706
Point-Underhill,929.547,1001.200,50.780,39.35,pavement,50.78,,,,,10705
Point-Underhill,925.257,999.652,50.870,39.35,pavement,50.87,,,,,10704
Point-Underhill,920.153,997.711,51.050,39.35,pavement,51.05,,,,,10703
Point-Underhill,922.061,996.796,50.980,39.44,pavement,50.98,,,,,10702
Point-Underhill,925.900,992.005,50.820,39.44,pavement,50.82,,,,,10701
Point-Underhill,923.280,989.347,50.880,39,pavement,50.88,,,,,10698
Point-Underhill,921.725,992.607,50.950,39,pavement,50.95,,,,,10697
Point-Underhill,920.244,997.524,51.050,39.35,pavement,51.05,,,,,10696
Point-Underhill,915.995,994.293,51.070,39.35,pavement,51.07,,,,,10695
Point-Underhill,906.839,986.725,51.090,39.35,pavement,51.09,,,,,10694
Point-Underhill,912.481,980.355,51.010,39,pavement,51.01,,,,,10693
Point-Underhill,902.299,971.983,51.070,39,pavement,51.07,,,,,10691
Point-Underhill,899.797,973.866,51.080,39,pavement,51.08,,,,,10690
Point-Underhill,894.368,976.479,51.160,39.45,pavement,51.16,,,,,10689
Point-Underhill,889.517,964.280,51.280,39,pavement,51.28,,,,,10685
Point-Underhill,884.401,966.182,51.520,39,pavement,51.52,,,,,10684
Point-Underhill,886.621,970.145,51.600,39.35,pavement,51.60,,,,,10683
Point-Underhill,885.782,971.582,51.800,39.35,pavement,51.80,,,,,10682
Point-Underhill,885.710,974.225,52.110,39.35,pavement,52.11,,,,,10681
Point-Underhill,881.842,968.930,51.630,39,pavement,51.63,,,,,10680
Point-Underhill,878.072,973.427,51.920,39,pavement,51.92,,,,,10679
Point-Underhill,883.870,977.790,52.080,39,pavement,52.08,,,,,10678
Point-Underhill,886.725,970.597,52.110,39,pavement,52.11,,,,,10677
Point-Underhill,892.224,975.358,52.130,39,pavement,52.13,,,,,10676
Point-Underhill,888.330,977.993,52.140,39,pavement,52.14,,,,,10675
Point-Underhill,896.869,979.016,52.140,39,pavement,52.14,,,,,10674
Point-Underhill,894.220,982.865,52.230,39,pavement,52.23,,,,,10673
Point-Underhill,904.815,985.653,52.150,39,pavement,52.15,,,,,10672
Point-Underhill,902.404,988.853,52.230,39,pavement,52.23,,,,,10671
Point-Underhill,908.650,993.926,52.210,39,pavement,52.21,,,,,10670
Point-Underhill,911.797,991.196,52.150,39,pavement,52.15,,,,,10669
Point-Underhill,916.822,1000.586,52.100,39.44,pavement,52.10,,,,,10667
Point-Underhill,919.757,997.887,52.050,39.44,pavement,52.05,,,,,10666
Point-Underhill,923.485,999.262,51.710,39,pavement,51.71,,,,,10665
Point-Underhill,926.968,1005.489,51.240,39.45,pavement,51.24,,,,,10664
Point-Underhill,929.495,1001.820,50.870,39.45,pavement,50.87,,,,,10663
Point-Underhill,919.840,997.933,52.060,39.44,pavement,52.06,,,,,10662
Point-Underhill,923.780,999.374,51.670,39,pavement,51.67,,,,,10661
Point-Underhill,926.726,1005.129,51.230,39.35,pavement,51.23,,,,,10660
Point-Underhill,929.313,1001.960,50.900,39.35,pavement,50.90,,,,,10659
Point-Underhill,938.055,1001.180,50.170,47,building,50.17,,,,,10658
Point-Underhill,930.568,1002.758,50.820,39,pavement,50.82,,,,,10656
Point-Underhill,933.953,1005.026,50.980,39,pavement,50.98,,,,,10654
Point-Underhill,929.827,1007.549,51.280,39,pavement,51.28,,,,,10652
Point-Underhill,925.798,1004.812,51.330,39,pavement,51.33,,,,,10651
Point-Underhill,920.136,1002.290,51.880,39,pavement,51.88,,,,,10650
Point-Underhill,916.350,1000.995,52.090,29,step,52.09,,,,,10645
Point-Underhill,914.308,1003.498,52.110,29,step,52.11,,,,,10644
Point-Underhill,913.810,1003.713,52.130,39.35,pavement,52.13,,,,,10643
Point-Underhill,906.937,998.016,52.280,39.35,pavement,52.28,,,,,10642
Point-Underhill,906.977,998.038,52.280,39.35,pavement,52.28,,,,,10641
Point-Underhill,901.383,993.333,52.280,39.35,pavement,52.28,,,,,10640
Point-Underhill,894.895,988.161,52.360,39.35,pavement,52.36,,,,,10639
Point-Underhill,894.032,988.909,52.570,39.35,pavement,52.57,,,,,10638
Point-Underhill,892.412,990.958,52.750,39.35,pavement,52.75,,,,,10637
Point-Underhill,890.300,992.492,52.800,39.35,pavement,52.80,,,,,10636
Point-Underhill,886.361,992.240,52.900,39.35,pavement,52.90,,,,,10635
Point-Underhill,882.356,989.152,52.880,39.35,pavement,52.88,,,,,10634
Point-Underhill,885.635,983.864,52.430,39,pavement,52.43,,,,,10633
Point-Underhill,881.154,980.257,52.390,39,pavement,52.39,,,,,10632
Point-Underhill,877.284,984.916,52.870,39.35,pavement,52.87,,,,,10631
Point-Underhill,874.161,978.032,52.360,39,pavement,52.36,,,,,10630
Point-Underhill,872.451,980.964,52.730,39.35,pavement,52.73,,,,,10629
Point-Underhill,874.721,977.496,52.300,89,89,52.30,,,,,10628
Point-Underhill,913.440,1004.087,55.850,40,concrete,55.85,,,,,10626
Point-Underhill,911.322,1006.601,55.890,40,concrete,55.89,,,,,10625
Point-Underhill,868.201,985.337,53.240,39.45,pavement,53.24,,,,,10624
Point-Underhill,871.781,980.844,52.690,39.45,pavement,52.69,,,,,10623
Point-Underhill,877.476,985.573,53.700,39,pavement,53.70,,,,,10621
Point-Underhill,871.398,988.205,53.510,39,pavement,53.51,,,,,10619
Point-Underhill,869.614,991.157,53.750,39,pavement,53.75,,,,,10618
Point-Underhill,874.831,990.745,53.950,39.35,pavement,53.95,,,,,10617
Point-Underhill,869.508,997.280,53.910,39.35,pavement,53.91,,,,,10616
Point-Underhill,866.759,994.829,53.970,39.35,pavement,53.97,,,,,10615
Point-Underhill,863.195,991.903,54.050,39.35,pavement,54.05,,,,,10614
Point-Underhill,872.416,998.478,56.380,35,bot wall,56.38,,,,,10613
Point-Underhill,876.612,993.362,55.060,35,bot wall,55.06,,,,,10612
Point-Underhill,901.561,1018.805,56.530,47,building,56.53,,,,,10606
Point-Underhill,902.214,1021.717,56.500,40,concrete,56.50,,,,,10604
Point-Underhill,898.759,1027.066,56.270,40,concrete,56.27,,,,,10603
Point-Underhill,904.773,1031.439,56.280,40,concrete,56.28,,,,,10602
Point-Underhill,909.465,1026.656,56.520,40,concrete,56.52,,,,,10601
Point-Underhill,915.262,1030.675,56.570,40,concrete,56.57,,,,,10600
Point-Underhill,911.811,1035.858,56.300,40,concrete,56.30,,,,,10599
Point-Underhill,908.908,1040.320,56.240,39,pavement,56.24,,,,,10598
Point-Underhill,913.565,1044.294,56.220,39,pavement,56.22,,,,,10597
Point-Underhill,917.851,1040.515,56.300,40,concrete,56.30,,,,,10596
Point-Underhill,924.665,1042.700,56.510,40,concrete,56.51,,,,,10595
Point-Underhill,923.274,1043.820,56.310,39.40,pavement,56.31,,,,,10594
Point-Underhill,919.445,1048.040,56.230,39.40,pavement,56.23,,,,,10593
Point-Underhill,912.819,1042.491,56.230,39.40,pavement,56.23,,,,,10592
Point-Underhill,906.280,1037.126,56.240,39.40,pavement,56.24,,,,,10591
Point-Underhill,907.976,1034.910,56.290,39.40,pavement,56.29,,,,,10590
Point-Underhill,909.731,1029.613,56.340,39.40,pavement,56.34,,,,,10589
Point-Underhill,904.546,1035.802,56.230,39.40,pavement,56.23,,,,,10588
Point-Underhill,903.266,1038.588,56.260,39,pavement,56.26,,,,,10587
Point-Underhill,899.050,1035.147,56.220,39,pavement,56.22,,,,,10586
Point-Underhill,891.480,1030.690,56.200,39,pavement,56.20,,,,,10585
Point-Underhill,896.294,1047.631,56.240,39,pavement,56.24,,,,,10581
Point-Underhill,890.222,1043.156,56.200,39,pavement,56.20,,,,,10580
Point-Underhill,884.874,1038.698,56.210,39,pavement,56.21,,,,,10579
Point-Underhill,881.611,1042.730,56.290,39,pavement,56.29,,,,,10578
Point-Underhill,886.288,1046.931,56.310,39,pavement,56.31,,,,,10577
Point-Underhill,892.459,1052.411,56.310,39,pavement,56.31,,,,,10576
Point-Underhill,887.779,1057.760,56.420,39,pavement,56.42,,,,,10575
Point-Underhill,882.445,1054.273,56.440,39,pavement,56.44,,,,,10574
Point-Underhill,877.287,1050.375,56.430,39,pavement,56.43,,,,,10573
Point-Underhill,874.493,1054.168,56.530,39,pavement,56.53,,,,,10572
Point-Underhill,877.837,1059.436,56.670,39,pavement,56.67,,,,,10571
Point-Underhill,883.141,1063.642,56.650,39,pavement,56.65,,,,,10570
Point-Underhill,841.987,1032.960,59.540,52,hedge,59.54,,,,,10561
Point-Underhill,844.175,1013.197,57.320,39.50,pavement,57.32,,,,,10559
Point-Underhill,844.724,1013.431,57.330,39,pavement,57.33,,,,,10558
Point-Underhill,842.385,1016.298,57.650,39,pavement,57.65,,,,,10557
Point-Underhill,832.795,1026.800,59.050,50,sidewalk,59.05,,,,,10555
Point-Underhill,831.819,1027.284,59.090,50,sidewalk,59.09,,,,,10554
Point-Underhill,829.118,1030.489,59.390,50,sidewalk,59.39,,,,,10553
Point-Underhill,828.110,1029.397,59.320,50,sidewalk,59.32,,,,,10552
Point-Underhill,830.654,1026.338,59.040,50,sidewalk,59.04,,,,,10551
Point-Underhill,831.677,1025.846,58.950,50,sidewalk,58.95,,,,,10550
Point-Underhill,829.672,1026.040,59.050,41,curb,59.05,,,,,10549
Point-Underhill,829.573,1025.938,58.890,42,gutter,58.89,,,,,10548
Point-Underhill,827.710,1019.306,58.610,39,pavement,58.61,,,,,10546
Point-Underhill,835.085,1019.294,58.160,42,gutter,58.16,,,,,10541
Point-Underhill,835.222,1019.359,58.310,41,curb,58.31,,,,,10540
Point-Underhill,835.980,1019.118,58.270,41,curb,58.27,,,,,10539
Point-Underhill,836.049,1018.950,58.070,42,gutter,58.07,,,,,10538
Point-Underhill,837.049,1019.477,58.070,42,gutter,58.07,,,,,10537
Point-Underhill,836.979,1019.580,58.140,39.41,pavement,58.14,,,,,10536
Point-Underhill,836.632,1020.012,58.280,39.50,pavement,58.28,,,,,10535
Point-Underhill,837.744,1021.031,58.300,39.50,pavement,58.30,,,,,10534
Point-Underhill,838.150,1021.474,58.290,39.35,pavement,58.29,,,,,10533
Point-Underhill,839.533,1019.459,57.920,39,pavement,57.92,,,,,10532
Point-Underhill,841.996,1015.906,57.670,39.50,pavement,57.67,,,,,10530
Point-Underhill,841.008,1014.839,57.630,39.50,pavement,57.63,,,,,10529
Point-Underhill,840.541,1015.209,57.650,41.39,curb,57.65,,,,,10528
Point-Underhill,840.395,1015.256,57.620,42,gutter,57.62,,,,,10527
Point-Underhill,840.276,1014.926,57.640,41,curb,57.64,,,,,10526
Point-Underhill,839.888,1014.152,57.610,41,curb,57.61,,,,,10525
Point-Underhill,839.711,1014.112,57.480,42,gutter,57.48,,,,,10524
Point-Underhill,839.958,1013.414,57.420,42,gutter,57.42,,,,,10523
Point-Underhill,840.052,1013.549,57.580,41,curb,57.58,,,,,10522
Point-Underhill,841.940,1011.312,57.270,41,curb,57.27,,,,,10521
Point-Underhill,841.812,1011.126,57.130,42,gutter,57.13,,,,,10520
Point-Underhill,847.468,1007.635,56.510,42,gutter,56.51,,,,,10518
Point-Underhill,845.575,1007.555,56.620,42,gutter,56.62,,,,,10517
Point-Underhill,845.679,1007.770,56.750,51.41,crossover,56.75,,,,,10516
Point-Underhill,845.915,1008.937,56.810,51.50,crossover,56.81,,,,,10515
Point-Underhill,846.977,1009.871,56.850,39.51.50,pavement,56.85,,,,,10514
Point-Underhill,847.474,1010.030,56.880,39,pavement,56.88,,,,,10513
Point-Underhill,848.948,1008.280,56.590,51.41.39,crossover,56.59,,,,,10512
Point-Underhill,849.026,1008.267,56.410,42,gutter,56.41,,,,,10511
Point-Underhill,845.573,998.181,55.890,39,pavement,55.89,,,,,10510
Point-Underhill,852.957,1003.445,55.830,39,pavement,55.83,,,,,10509
Point-Underhill,856.846,999.032,55.540,42,gutter,55.54,,,,,10507
Point-Underhill,856.911,998.987,55.650,41.51,curb,55.65,,,,,10506
Point-Underhill,857.064,997.615,55.460,51.40,crossover,55.46,,,,,10505
Point-Underhill,856.045,997.836,55.390,42,gutter,55.39,,,,,10504
Point-Underhill,855.804,997.026,55.270,42,gutter,55.27,,,,,10503
Point-Underhill,855.520,995.514,55.020,42,gutter,55.02,,,,,10502
Point-Underhill,855.733,995.596,55.090,41.51,curb,55.09,,,,,10501
Point-Underhill,858.615,995.748,55.070,50.40,sidewalk,55.07,,,,,10500
Point-Underhill,857.466,994.773,54.980,50,sidewalk,54.98,,,,,10499
Point-Underhill,862.357,991.252,54.290,50.40,sidewalk,54.29,,,,,10495
Point-Underhill,862.785,991.658,54.250,40,concrete,54.25,,,,,10494
Point-Underhill,863.526,990.712,54.190,35.40,bot wall,54.19,,,,,10493
Point-Underhill,863.140,990.247,54.120,50.40.39,sidewalk,54.12,,,,,10492
Point-Underhill,862.038,989.228,54.080,50,sidewalk,54.08,,,,,10491
Point-Underhill,858.800,981.171,53.430,39,pavement,53.43,,,,,10490
Point-Underhill,865.741,986.168,53.470,83.WATERCHAMB,util,53.47,,,,,10488
Point-Underhill,864.572,984.724,53.260,42,gutter,53.26,,,,,10487
Point-Underhill,864.751,984.853,53.360,51,crossover,53.36,,,,,10486
Point-Underhill,865.469,985.014,53.360,40.51,concrete,53.36,,,,,10485
Point-Underhill,864.892,985.761,53.480,40.51,concrete,53.48,,,,,10484
Point-Underhill,864.591,986.127,53.550,40.50,concrete,53.55,,,,,10483
Point-Underhill,865.798,987.164,53.540,39.40.50,pavement,53.54,,,,,10482
Point-Underhill,866.023,987.288,53.540,39.40,pavement,53.54,,,,,10481
Point-Underhill,866.937,986.153,53.380,51.39.40,crossover,53.38,,,,,10480
Point-Underhill,866.947,986.113,53.390,51.39,crossover,53.39,,,,,10479
Point-Underhill,867.134,986.276,53.420,39,pavement,53.42,,,,,10478
Point-Underhill,867.996,985.316,53.230,51.,crossover,53.23,,,,,10477
Point-Underhill,872.246,980.264,52.640,39.44,pavement,52.64,,,,,10475
Point-Underhill,875.851,975.874,51.980,39.44,pavement,51.98,,,,,10473
Point-Underhill,865.922,974.332,52.210,39,pavement,52.21,,,,,10472
Point-Underhill,870.273,976.964,52.030,39,pavement,52.03,,,,,10471
Point-Underhill,876.079,975.436,51.930,39.35,pavement,51.93,,,,,10470
Point-Underhill,875.607,975.197,51.850,51.42,crossover,51.85,,,,,10469
Point-Underhill,875.861,974.950,51.890,50.39,sidewalk,51.89,,,,,10468
Point-Underhill,876.579,971.477,51.310,51.50,crossover,51.31,,,,,10467
Point-Underhill,875.076,971.460,51.360,41.51,curb,51.36,,,,,10465
Point-Underhill,874.911,971.327,51.220,42,gutter,51.22,,,,,10464
Point-Underhill,873.220,965.013,50.750,39,pavement,50.75,,,,,10463
Point-Underhill,877.452,968.027,50.640,42,gutter,50.64,,,,,10462
Point-Underhill,877.567,968.145,50.840,41,curb,50.84,,,,,10461
Point-Underhill,878.931,968.977,50.870,50,sidewalk,50.87,,,,,10460
Point-Underhill,880.185,969.641,50.830,39.50,pavement,50.83,,,,,10458
Point-Underhill,883.011,961.324,49.590,42,gutter,49.59,,,,,10456
Point-Underhill,883.157,961.366,49.790,41,curb,49.79,,,,,10455
Point-Underhill,884.407,962.302,49.800,50,sidewalk,49.80,,,,,10452
Point-Underhill,885.400,963.328,49.840,39.50,pavement,49.84,,,,,10451
Point-Underhill,886.257,957.969,49.040,42,gutter,49.04,,,,,10450
Point-Underhill,886.340,958.109,49.200,51.41,crossover,49.20,,,,,10449
Point-Underhill,886.305,959.793,49.390,51.50,crossover,49.39,,,,,10448
Point-Underhill,887.530,960.748,49.400,51.50.39,crossover,49.40,,,,,10447
Point-Underhill,888.180,959.899,49.290,51.50.39,crossover,49.29,,,,,10446
Point-Underhill,889.514,958.299,49.030,51.50,crossover,49.03,,,,,10445
Point-Underhill,890.426,957.400,48.740,50,sidewalk,48.74,,,,,10443
Point-Underhill,889.614,958.075,49.020,51.40,crossover,49.02,,,,,10442
Point-Underhill,889.617,956.346,48.730,41.51,curb,48.73,,,,,10441
Point-Underhill,889.688,956.249,48.550,42,gutter,48.55,,,,,10440
Point-Underhill,891.294,956.152,48.480,41.40,curb,48.48,,,,,10439
Point-Underhill,891.261,955.932,48.330,42,gutter,48.33,,,,,10438
Point-Underhill,886.763,950.148,48.060,39,pavement,48.06,,,,,10435
Point-Underhill,877.716,1019.077,56.220,39,pavement,56.22,,,,,10434
Point-Underhill,851.654,1040.092,56.690,39.35,pavement,56.69,,,,,10433
Point-Underhill,856.315,1033.378,56.480,39,pavement,56.48,,,,,10432
Point-Underhill,850.782,1027.940,56.570,39.45,pavement,56.57,,,,,10431
Point-Underhill,847.898,1031.903,56.620,39.45,pavement,56.62,,,,,10430
Point-Underhill,845.705,1035.080,56.740,39.35.45,pavement,56.74,,,,,10429
Point-Underhill,843.290,1033.113,56.990,39.35,pavement,56.99,,,,,10428
Point-Underhill,839.167,1029.566,57.630,39.35,pavement,57.63,,,,,10426
Point-Underhill,838.687,1025.773,57.920,39.35,pavement,57.92,,,,,10425
Point-Underhill,838.332,1021.647,58.190,39.35,pavement,58.19,,,,,10424
Point-Underhill,839.796,1019.531,57.920,39,pavement,57.92,,,,,10423
Point-Underhill,841.921,1017.282,57.790,39.44,pavement,57.79,,,,,10422
Point-Underhill,844.778,1020.607,57.460,39,pavement,57.46,,,,,10421
Point-Underhill,847.849,1024.403,56.990,39,pavement,56.99,,,,,10420
Point-Underhill,850.742,1027.929,56.580,39,pavement,56.58,,,,,10419
Point-Underhill,850.972,1027.706,56.490,39.35,pavement,56.49,,,,,10418
Point-Underhill,849.409,1025.768,56.430,39.35,pavement,56.43,,,,,10417
Point-Underhill,849.397,1025.746,56.440,39,pavement,56.44,,,,,10416
Point-Underhill,844.908,1020.322,56.430,39.35,pavement,56.43,,,,,10415
Point-Underhill,842.475,1017.064,56.620,39.35,pavement,56.62,,,,,10414
Point-Underhill,845.910,1012.729,56.470,39.35,pavement,56.47,,,,,10413
Point-Underhill,849.467,1008.521,56.380,39.35,pavement,56.38,,,,,10412
Point-Underhill,852.375,1011.169,56.210,39,pavement,56.21,,,,,10411
Point-Underhill,849.153,1015.927,56.300,39,pavement,56.30,,,,,10410
Point-Underhill,853.929,1020.036,56.290,39,pavement,56.29,,,,,10409
Point-Underhill,857.874,1015.687,56.220,39,pavement,56.22,,,,,10408
Point-Underhill,863.311,1021.675,56.230,39,pavement,56.23,,,,,10407
Point-Underhill,860.032,1026.327,56.310,39,pavement,56.31,,,,,10406
Point-Underhill,854.969,1032.473,56.480,39,pavement,56.48,,,,,10405
Point-Underhill,850.273,1038.801,56.710,39.35,pavement,56.71,,,,,10404
Point-Underhill,856.087,1043.587,56.700,39.35,pavement,56.70,,,,,10403
Point-Underhill,860.115,1038.172,56.520,39,pavement,56.52,,,,,10402
Point-Underhill,864.597,1032.860,56.330,39,pavement,56.33,,,,,10401
Point-Underhill,869.478,1027.765,56.260,39,pavement,56.26,,,,,10400
Point-Underhill,874.985,1032.484,56.260,39,pavement,56.26,,,,,10399
Point-Underhill,871.322,1036.804,56.310,39,pavement,56.31,,,,,10398
Point-Underhill,866.269,1042.689,56.480,39,pavement,56.48,,,,,10397
Point-Underhill,861.957,1048.421,56.720,39.35,pavement,56.72,,,,,10396
Point-Underhill,868.428,1053.813,56.710,39.35,pavement,56.71,,,,,10395
Point-Underhill,872.318,1050.626,56.520,39,pavement,56.52,,,,,10394
Point-Underhill,876.722,1045.027,56.330,39,pavement,56.33,,,,,10393
Point-Underhill,882.149,1038.499,56.230,39,pavement,56.23,,,,,10392
Point-Underhill,889.152,1028.814,56.200,39,pavement,56.20,,,,,10390
Point-Underhill,881.701,1024.105,56.190,39,pavement,56.19,,,,,10389
Point-Underhill,875.372,1013.831,56.240,39,pavement,56.24,,,,,10386
Point-Underhill,865.890,1010.576,56.210,39,pavement,56.21,,,,,10385
Point-Underhill,851.922,1004.864,55.990,39,pavement,55.99,,,,,10382
Point-Underhill,853.767,1002.393,55.780,39,pavement,55.78,,,,,10381
Point-Underhill,856.887,999.115,55.540,39.42,pavement,55.54,,,,,10380
Point-Underhill,861.355,1001.606,55.940,39,pavement,55.94,,,,,10379
Point-Underhill,864.660,1002.149,56.150,40,concrete,56.15,,,,,10378
Point-Underhill,866.314,1002.149,56.190,40,concrete,56.19,,,,,10377
Point-Underhill,872.293,1001.599,56.290,40,concrete,56.29,,,,,10376
Point-Underhill,874.971,1001.207,56.310,39,pavement,56.31,,,,,10375
Point-Underhill,863.732,1002.111,56.090,39.40,pavement,56.09,,,,,10374
Point-Underhill,868.145,1005.742,56.190,39.40,pavement,56.19,,,,,10373
Point-Underhill,873.781,1010.420,56.230,39.40,pavement,56.23,,,,,10372
Point-Underhill,879.464,1015.147,56.250,39.40,pavement,56.25,,,,,10371
Point-Underhill,885.455,1020.018,56.260,39.40,pavement,56.26,,,,,10370
Point-Underhill,891.885,1025.195,56.240,39.40,pavement,56.24,,,,,10369
Point-Underhill,895.827,1020.674,56.330,40,concrete,56.33,,,,,10368
Point-Underhill,891.215,1016.768,56.320,40,concrete,56.32,,,,,10367
Point-Underhill,884.690,1011.459,56.320,40,concrete,56.32,,,,,10366
Point-Underhill,877.339,1005.378,56.320,40,concrete,56.32,,,,,10365
Point-Underhill,872.639,1001.515,56.280,40,concrete,56.28,,,,,10364
Point-Underhill,875.061,1001.185,56.300,39.40,pavement,56.30,,,,,10363
Point-Underhill,878.341,1002.436,56.350,39.40,pavement,56.35,,,,,10362
Point-Underhill,883.310,1006.528,56.350,39.40,pavement,56.35,,,,,10361
Point-Underhill,889.236,1011.594,56.350,39.40,pavement,56.35,,,,,10360
Point-Underhill,893.642,1015.244,56.340,39.40,pavement,56.34,,,,,10359
Point-Underhill,897.523,1018.377,56.360,39.40,pavement,56.36,,,,,10358
Point-Underhill,897.678,1018.336,56.490,50,sidewalk,56.49,,,,,10357
Point-Underhill,899.476,1016.092,56.530,50,sidewalk,56.53,,,,,10356
Point-Underhill,899.428,1016.134,56.460,39,pavement,56.46,,,,,10355
Point-Underhill,894.578,1012.269,56.440,39,pavement,56.44,,,,,10354
Point-Underhill,894.730,1012.200,56.520,50,sidewalk,56.52,,,,,10353
Point-Underhill,896.775,1009.413,56.550,50.35,sidewalk,56.55,,,,,10352
Point-Underhill,889.950,1003.713,56.520,50,sidewalk,56.52,,,,,10351
Point-Underhill,887.787,1006.227,56.530,50,sidewalk,56.53,,,,,10350
Point-Underhill,887.844,1006.491,56.430,39,pavement,56.43,,,,,10349
Point-Underhill,880.968,1000.887,56.420,39,pavement,56.42,,,,,10348
Point-Underhill,881.022,1000.758,56.510,50,sidewalk,56.51,,,,,10347
Point-Underhill,883.324,998.278,56.510,50,sidewalk,56.51,,,,,10346
Point-Underhill,877.246,993.334,56.460,50,sidewalk,56.46,,,,,10345
Point-Underhill,876.863,997.418,56.490,50,sidewalk,56.49,,,,,10344
Point-Underhill,876.879,997.501,56.410,39,pavement,56.41,,,,,10343
Point-Underhill,875.120,999.878,56.370,39,pavement,56.37,,,,,10342
Point-Underhill,874.799,999.789,56.460,50,sidewalk,56.46,,,,,10341
Point-Underhill,872.980,1000.038,56.400,50,sidewalk,56.40,,,,,10340
Point-Underhill,872.760,998.652,56.380,50,sidewalk,56.38,,,,,10339
Point-Underhill,905.208,1012.932,56.570,40,concrete,56.57,,,,,10338
Point-Underhill,902.198,1010.373,56.540,40,concrete,56.54,,,,,10337
Point-Underhill,905.309,1007.038,56.540,40,concrete,56.54,,,,,10336
Point-Underhill,908.326,1009.395,56.540,40,concrete,56.54,,,,,10335
Point-Underhill,910.505,1006.797,56.490,40,concrete,56.49,,,,,10334
Point-Underhill,907.273,1003.945,56.520,40,concrete,56.52,,,,,10333
Point-Underhill,903.928,1001.200,56.550,40,concrete,56.55,,,,,10332
Point-Underhill,900.594,1005.580,56.550,40,concrete,56.55,,,,,10331
Point-Underhill,897.534,1009.181,56.560,40,concrete,56.56,,,,,10330
Point-Underhill,902.337,1013.286,56.570,40,concrete,56.57,,,,,10329
Point-Underhill,899.186,999.789,55.660,39,pavement,55.66,,,,,10328
Point-Underhill,895.498,1003.923,55.730,39,pavement,55.73,,,,,10327
Point-Underhill,890.657,1000.722,55.690,39,pavement,55.69,,,,,10326
Point-Underhill,893.775,996.674,55.620,39,pavement,55.62,,,,,10325
Point-Underhill,891.887,991.958,55.530,39,pavement,55.53,,,,,10324
Point-Underhill,889.961,993.007,55.450,39,pavement,55.45,,,,,10323
Point-Underhill,887.555,993.026,55.340,39,pavement,55.34,,,,,10322
Point-Underhill,885.177,992.000,55.060,39,pavement,55.06,,,,,10321
Point-Underhill,891.110,992.518,55.500,39.44,pavement,55.50,,,,,10320
Point-Underhill,887.677,997.483,55.580,39.44,pavement,55.58,,,,,10319
Point-Underhill,882.377,993.335,55.050,39,pavement,55.05,,,,,10318
Point-Underhill,884.066,991.012,54.890,39,pavement,54.89,,,,,10317
Point-Underhill,880.539,988.031,54.190,39,pavement,54.19,,,,,10316
Point-Underhill,879.124,990.311,54.320,39,pavement,54.32,,,,,10315
Point-Underhill,877.569,992.477,54.370,39.35,pavement,54.37,,,,,10314
Point-Underhill,882.274,996.781,55.340,39.35,pavement,55.34,,,,,10313
Point-Underhill,886.205,999.996,55.650,39.35.44,pavement,55.65,,,,,10312
Point-Underhill,892.780,1005.763,55.720,39.35,pavement,55.72,,,,,10311
Point-Underhill,896.803,1007.247,55.740,29,step,55.74,,,,,10310
Point-Underhill,896.038,1007.982,55.730,39.35,pavement,55.73,,,,,10309
Point-Underhill,897.897,1008.195,55.790,39.35,pavement,55.79,,,,,10308
Point-Underhill,901.167,1003.650,55.760,39.35,pavement,55.76,,,,,10307
Point-Underhill,903.771,1000.725,55.730,39.40.35,pavement,55.73,,,,,10306
Point-Underhill,903.938,1000.219,55.720,39.40.35,pavement,55.72,,,,,10305
Point-Underhill,904.674,999.892,55.790,39.40,pavement,55.79,,,,,10304
Point-Underhill,898.247,994.523,55.780,39.40,pavement,55.78,,,,,10303
Point-Underhill,893.373,990.643,55.600,39.40,pavement,55.60,,,,,10302
Point-Underhill,894.799,988.788,55.580,40,concrete,55.58,,,,,10300
Point-Underhill,901.230,993.932,55.730,40,concrete,55.73,,,,,10299
Point-Underhill,906.032,997.917,55.750,40,concrete,55.75,,,,,10298
Point-Underhill,838.466,1026.870,59.100,37,nat grnd,59.10,,,,,10296
Point-Underhill,841.490,1032.453,59.480,37,nat grnd,59.48,,,,,10295
Point-Underhill,847.131,1038.260,59.810,35,bot wall,59.81,,,,,10294
Point-Underhill,845.651,1038.826,60.250,37,nat grnd,60.25,,,,,10293
Point-Underhill,855.161,1043.935,59.380,52,hedge,59.38,,,,,10292
Point-Underhill,855.033,1044.741,59.410,35,bot wall,59.41,,,,,10291
Point-Underhill,854.031,1045.608,60.670,35,bot wall,60.67,,,,,10290
Point-Underhill,861.757,1050.259,59.300,35,bot wall,59.30,,,,,10289
Point-Underhill,861.021,1051.354,60.670,35,bot wall,60.67,,,,,10288
Point-Underhill,869.036,1056.529,59.330,35,bot wall,59.33,,,,,10287
Point-Underhill,868.482,1057.451,60.730,35,bot wall,60.73,,,,,10286
Point-Underhill,877.928,1063.783,59.360,35,bot wall,59.36,,,,,10285
Point-Underhill,880.213,1067.199,60.700,35,bot wall,60.70,,,,,10283
Point-Underhill,837.920,1032.705,60.070,37,nat grnd,60.07,,,,,10282
Point-Underhill,843.982,1038.297,60.380,37,nat grnd,60.38,,,,,10281
Point-Underhill,845.395,1040.252,60.470,37,nat grnd,60.47,,,,,10280
Point-Underhill,850.273,1043.490,60.630,37,nat grnd,60.63,,,,,10279
Point-Underhill,853.449,1046.425,60.600,37,nat grnd,60.60,,,,,10278
Point-Underhill,863.910,1054.968,60.640,37,nat grnd,60.64,,,,,10277
Point-Underhill,872.247,1061.541,60.680,37,nat grnd,60.68,,,,,10276
Point-Underhill,878.401,1066.570,60.660,37,nat grnd,60.66,,,,,10275
Point-Underhill,887.425,1074.183,60.650,37,nat grnd,60.65,,,,,10274
Point-Underhill,892.682,1077.959,60.770,37,nat grnd,60.77,,,,,10273
Point-Underhill,897.152,1081.204,60.770,37,nat grnd,60.77,,,,,10272
Point-Underhill,896.785,1081.437,60.750,37,nat grnd,60.75,,,,,10271
Point-Underhill,921.412,1099.757,59.730,35,bot wall,59.73,,,,,10235
Point-Underhill,918.969,1097.805,59.570,35,bot wall,59.57,,,,,10234
Point-Underhill,914.688,1094.283,59.450,35,bot wall,59.45,,,,,10233
Point-Underhill,910.757,1090.880,59.490,35,bot wall,59.49,,,,,10232
Point-Underhill,905.185,1086.333,59.440,35,bot wall,59.44,,,,,10231
Point-Underhill,900.475,1082.304,59.420,35,bot wall,59.42,,,,,10229
Point-Underhill,894.830,1077.729,59.410,35,bot wall,59.41,,,,,10228
Point-Underhill,890.152,1073.703,59.580,35,bot wall,59.58,,,,,10227
Point-Underhill,886.595,1070.868,59.530,35,bot wall,59.53,,,,,10226
Point-Underhill,885.774,1071.668,60.680,35,bot wall,60.68,,,,,10225
Point-Underhill,888.125,1073.688,60.770,35,bot wall,60.77,,,,,10222
Point-Underhill,892.758,1077.713,61.060,40,concrete,61.06,,,,,10219
Point-Underhill,893.630,1078.373,61.070,40,concrete,61.07,,,,,10218
Point-Underhill,896.944,1080.535,60.770,35,bot wall,60.77,,,,,10215
Point-Underhill,900.708,1083.946,60.690,35,bot wall,60.69,,,,,10214
Point-Underhill,907.957,1089.933,60.680,35,bot wall,60.68,,,,,10211
Point-Underhill,912.126,1092.310,60.610,40,concrete,60.61,,,,,10209
Point-Underhill,911.689,1092.679,60.670,40,concrete,60.67,,,,,10208
Point-Underhill,912.564,1092.625,60.610,40,concrete,60.61,,,,,10206
Point-Underhill,912.185,1093.201,60.650,40,concrete,60.65,,,,,10205
Point-Underhill,912.799,1093.786,60.660,35,bot wall,60.66,,,,,10204
Point-Underhill,920.819,1100.541,60.620,35,bot wall,60.62,,,,,10201
Point-Underhill,924.509,1103.700,60.440,35,bot wall,60.44,,,,,10200
Point-Underhill,924.825,1103.546,60.450,47.37,building,60.45,,,,,10199
Point-Underhill,921.071,1100.387,60.560,47.37,building,60.56,,,,,10198
Point-Underhill,962.156,1060.714,54.400,47,building,54.40,,,,,10194
Point-Underhill,962.970,1060.296,54.280,39.40,pavement,54.28,,,,,10193
Point-Underhill,963.240,1060.505,54.270,39.40.50,pavement,54.27,,,,,10192
Point-Underhill,961.257,1062.813,54.600,39.50,pavement,54.60,,,,,10191
Point-Underhill,958.445,1066.220,55.050,39.40.50,pavement,55.05,,,,,10190
Point-Underhill,957.293,1067.096,55.210,40,concrete,55.21,,,,,10189
Point-Underhill,958.113,1065.612,55.040,35.47,bot wall,55.04,,,,,10188
Point-Underhill,961.189,1065.572,54.820,41,curb,54.82,,,,,10186
Point-Underhill,961.342,1065.678,54.690,42,gutter,54.69,,,,,10185
Point-Underhill,968.026,1070.278,54.780,39,pavement,54.78,,,,,10184
Point-Underhill,963.049,1076.557,55.560,39,pavement,55.56,,,,,10183
Point-Underhill,957.092,1070.787,55.400,42,gutter,55.40,,,,,10180
Point-Underhill,956.948,1070.711,55.470,41,curb,55.47,,,,,10179
Point-Underhill,955.233,1069.032,55.480,35,bot wall,55.48,,,,,10178
Point-Underhill,952.308,1072.522,56.040,35,bot wall,56.04,,,,,10177
Point-Underhill,950.935,1071.384,56.300,35,bot wall,56.30,,,,,10176
Point-Underhill,954.165,1074.296,55.840,42,gutter,55.84,,,,,10174
Point-Underhill,954.019,1074.209,55.950,41.50,curb,55.95,,,,,10173
Point-Underhill,952.783,1073.228,55.960,51.50,crossover,55.96,,,,,10172
Point-Underhill,951.851,1073.166,56.100,51,crossover,56.10,,,,,10171
Point-Underhill,951.513,1073.381,56.160,51,crossover,56.16,,,,,10170
Point-Underhill,950.876,1075.204,56.150,39.51,pavement,56.15,,,,,10169
Point-Underhill,948.516,1074.711,56.240,39.40,pavement,56.24,,,,,10168
Point-Underhill,944.420,1071.252,56.230,39.40,pavement,56.23,,,,,10167
Point-Underhill,944.212,1069.666,56.260,39.40,pavement,56.26,,,,,10166
Point-Underhill,944.619,1068.856,56.240,39.40,pavement,56.24,,,,,10165
Point-Underhill,942.642,1067.189,56.240,39.40,pavement,56.24,,,,,10164
Point-Underhill,948.807,1071.084,56.320,40,concrete,56.32,,,,,10163
Point-Underhill,949.464,1067.062,56.360,50,sidewalk,56.36,,,,,10162
Point-Underhill,945.774,1066.137,56.280,40,concrete,56.28,,,,,10161
Point-Underhill,943.475,1079.558,56.310,39,pavement,56.31,,,,,10160
Point-Underhill,938.841,1084.793,56.340,39,pavement,56.34,,,,,10159
Point-Underhill,938.290,1079.774,56.210,39,pavement,56.21,,,,,10156
Point-Underhill,931.780,1073.382,56.190,39,pavement,56.19,,,,,10155
Point-Underhill,936.353,1054.409,56.350,39.OH,pavement,56.35,,,,,10153
Point-Underhill,932.488,1059.018,56.260,39.OH,pavement,56.26,,,,,10152
Point-Underhill,933.582,1060.888,56.250,39.PL,pavement,56.25,,,,,10151
Point-Underhill,926.429,1051.400,56.300,39,pavement,56.30,,,,,10150
Point-Underhill,928.860,1048.911,56.370,39,pavement,56.37,,,,,10149
Point-Underhill,933.612,1053.630,56.340,39,pavement,56.34,,,,,10148
Point-Underhill,938.005,1055.856,56.320,39.40,pavement,56.32,,,,,10147
Point-Underhill,934.762,1059.450,56.250,39.40,pavement,56.25,,,,,10146
Point-Underhill,938.998,1058.348,56.300,40,concrete,56.30,,,,,10145
Point-Underhill,936.223,1061.909,56.250,39.40,pavement,56.25,,,,,10144
Point-Underhill,944.261,1069.759,56.250,40,concrete,56.25,,,,,10143
Point-Underhill,946.799,1077.651,56.420,39,pavement,56.42,,,,,10142
Point-Underhill,946.375,1083.504,57.000,42,gutter,57.00,,,,,10141
Point-Underhill,946.596,1081.824,56.840,42,gutter,56.84,,,,,10140
Point-Underhill,945.865,1080.208,56.650,42,gutter,56.65,,,,,10139
Point-Underhill,945.820,1080.354,56.870,35.51,bot wall,56.87,,,,,10138
Point-Underhill,945.540,1084.830,57.140,42,gutter,57.14,,,,,10136
Point-Underhill,945.410,1084.695,57.250,51,crossover,57.25,,,,,10135
Point-Underhill,944.118,1083.633,57.270,51.50.39,crossover,57.27,,,,,10134
Point-Underhill,943.510,1083.190,57.240,51.35.39,crossover,57.24,,,,,10133
Point-Underhill,940.640,1086.697,57.680,39.35,pavement,57.68,,,,,10132
Point-Underhill,941.169,1087.201,57.730,50.39,sidewalk,57.73,,,,,10131
Point-Underhill,942.639,1088.299,57.620,42,gutter,57.62,,,,,10130
Point-Underhill,948.520,1093.729,57.820,39,pavement,57.82,,,,,10129
Point-Underhill,942.255,1101.387,58.810,39,pavement,58.81,,,,,10128
Point-Underhill,934.805,1097.774,58.840,42,gutter,58.84,,,,,10127
Point-Underhill,938.159,1093.705,58.320,42,gutter,58.32,,,,,10126
Point-Underhill,937.979,1093.583,58.410,51.41,crossover,58.41,,,,,10125
Point-Underhill,936.480,1092.856,58.510,51.50.39,crossover,58.51,,,,,10124
Point-Underhill,935.740,1092.602,58.590,51.35.39,crossover,58.59,,,,,10123
Point-Underhill,935.532,1092.441,58.590,51.35,crossover,58.59,,,,,10122
Point-Underhill,932.907,1095.573,58.920,51,crossover,58.92,,,,,10121
Point-Underhill,930.687,1098.647,59.110,35.39.51,bot wall,59.11,,,,,10120
Point-Underhill,931.078,1099.427,59.190,51.39,crossover,59.19,,,,,10119
Point-Underhill,932.155,1100.871,59.240,42,gutter,59.24,,,,,10118
Point-Underhill,932.132,1100.795,59.320,41.51,curb,59.32,,,,,10117
Point-Underhill,929.155,1104.360,59.740,41,curb,59.74,,,,,10116
Point-Underhill,929.278,1104.476,59.700,42,gutter,59.70,,,,,10115
Point-Underhill,937.470,1104.616,59.320,39,pavement,59.32,,,,,10114
Point-Underhill,928.519,1101.761,59.660,39,pavement,59.66,,,,,10111
Point-Underhill,927.863,1103.329,59.800,50.39,sidewalk,59.80,,,,,10110
Point-Underhill,927.211,1102.836,59.790,39.35,pavement,59.79,,,,,10109
Point-Underhill,927.688,1103.196,59.790,50.39,sidewalk,59.79,,,,,10108
Point-Underhill,924.643,1103.827,59.960,35,bot wall,59.96,,,,,10107
Point-Underhill,924.649,1103.865,59.960,35,bot wall,59.96,,,,,10106
Point-Underhill,925.710,1104.790,59.990,35,bot wall,59.99,,,,,10105
Point-Underhill,924.418,1106.387,60.260,35,bot wall,60.26,,,,,10104
Point-Underhill,924.788,1106.862,60.330,50,sidewalk,60.33,,,,,10103
Point-Underhill,926.215,1107.867,60.300,41,curb,60.30,,,,,10102
Point-Underhill,926.376,1107.999,60.160,42,gutter,60.16,,,,,10101
Point-Underhill,935.018,1112.753,60.140,39,pavement,60.14,,,,,10099
Point-Underhill,964.618,1061.395,54.250,41,curb,54.25,,,,,10097
Point-Underhill,964.776,1061.494,54.110,42,gutter,54.11,,,,,10096
Point-Underhill,975.193,1062.132,53.640,39,pavement,53.64,,,,,10095
Point-Underhill,969.648,1055.608,53.320,42,gutter,53.32,,,,,10094
Point-Underhill,969.505,1055.465,53.470,41,curb,53.47,,,,,10093
Point-Underhill,974.377,1049.853,52.710,41,curb,52.71,,,,,10090
Point-Underhill,974.166,1050.159,52.600,42,gutter,52.60,,,,,10089
Point-Underhill,975.538,1049.302,52.440,42,gutter,52.44,,,,,10088
Point-Underhill,975.474,1049.119,52.560,41,curb,52.56,,,,,10087
Point-Underhill,974.486,1045.734,52.370,50,sidewalk,52.37,,,,,10086
Point-Underhill,974.474,1049.751,52.690,50,sidewalk,52.69,,,,,10085
Point-Underhill,982.056,1040.600,51.400,50,sidewalk,51.40,,,,,10084
Point-Underhill,984.095,1042.297,51.380,40,concrete,51.38,,,,,10083
Point-Underhill,980.845,1046.395,51.860,42,gutter,51.86,,,,,10081
Point-Underhill,980.782,1046.362,52.010,41,curb,52.01,,,,,10080
Point-Underhill,981.995,1045.202,51.700,42,gutter,51.70,,,,,10077
Point-Underhill,981.842,1044.993,51.820,41,curb,51.82,,,,,10076
Point-Underhill,978.917,1032.232,50.630,39,pavement,50.63,,,,,10075
Point-Underhill,980.953,1036.599,51.010,40.39,concrete,51.01,,,,,10074
Point-Underhill,982.301,1034.977,50.790,40.39,concrete,50.79,,,,,10073
Point-Underhill,981.512,1034.332,50.760,40.39,concrete,50.76,,,,,10072
Point-Underhill,981.576,1037.088,51.130,47,building,51.13,,,,,10069
Point-Underhill,987.116,1037.742,50.620,42,gutter,50.62,,,,,10064
Point-Underhill,986.963,1037.717,50.650,51,crossover,50.65,,,,,10063
Point-Underhill,987.348,1035.671,50.530,41,curb,50.53,,,,,10062
Point-Underhill,987.541,1035.670,50.390,42,gutter,50.39,,,,,10061
Point-Underhill,987.448,1033.560,50.150,42,gutter,50.15,,,,,10060
Point-Underhill,987.303,1033.590,50.170,51,crossover,50.17,,,,,10059
Point-Underhill,986.900,1032.105,49.990,51,crossover,49.99,,,,,10058
Point-Underhill,987.086,1032.058,49.950,42,gutter,49.95,,,,,10057
Point-Underhill,985.782,1029.915,49.860,51,crossover,49.86,,,,,10052
Point-Underhill,984.439,1031.323,50.170,51,crossover,50.17,,,,,10051
Point-Underhill,985.082,1032.729,50.290,51,crossover,50.29,,,,,10050
Point-Underhill,985.524,1034.603,50.530,51,crossover,50.53,,,,,10049
Point-Underhill,985.343,1036.300,50.710,51,crossover,50.71,,,,,10048
Point-Underhill,984.820,1038.067,50.900,51,crossover,50.90,,,,,10047
Point-Underhill,983.967,1038.822,51.040,51,crossover,51.04,,,,,10046
Point-Underhill,986.022,1040.178,50.900,51,crossover,50.90,,,,,10045
Point-Underhill,990.253,1046.059,51.230,39,pavement,51.23,,,,,10044
Point-Underhill,989.108,1016.984,49.100,41,curb,49.10,,,,,10042
Point-Underhill,989.238,1016.755,48.890,42,gutter,48.89,,,,,10041
Point-Underhill,980.971,1009.923,48.750,42,gutter,48.75,,,,,10040
Point-Underhill,980.735,1010.114,48.950,41,curb,48.95,,,,,10039
Point-Underhill,974.261,1004.459,48.590,42,gutter,48.59,,,,,10037
Point-Underhill,974.074,1004.606,48.790,41,curb,48.79,,,,,10036
Point-Underhill,963.637,995.965,48.660,41,curb,48.66,,,,,10035
Point-Underhill,963.791,995.754,48.470,42,gutter,48.47,,,,,10034
Point-Underhill,955.933,989.621,48.500,41,curb,48.50,,,,,10032
Point-Underhill,956.104,989.414,48.290,42,gutter,48.29,,,,,10031
Point-Underhill,950.919,985.151,48.200,42,gutter,48.20,,,,,10030
Point-Underhill,950.710,985.362,48.390,41,curb,48.39,,,,,10029
Point-Underhill,949.748,986.541,48.380,41,curb,48.38,,,,,10028
Point-Underhill,949.563,986.729,48.200,42,gutter,48.20,,,,,10027
Point-Underhill,949.581,986.733,48.200,42,gutter,48.20,,,,,10026
Point-Underhill,949.793,986.562,48.370,41,curb,48.37,,,,,10025
Point-Underhill,952.913,990.114,48.490,41,curb,48.49,,,,,10024
Point-Underhill,952.714,990.290,48.310,42,gutter,48.31,,,,,10023
Point-Underhill,959.242,997.369,48.510,42,gutter,48.51,,,,,10022
Point-Underhill,959.417,997.170,48.680,41,curb,48.68,,,,,10021
Point-Underhill,968.413,1005.090,48.860,41,curb,48.86,,,,,10020
Point-Underhill,967.786,1004.929,48.700,42,gutter,48.70,,,,,10019
Point-Underhill,975.891,1011.585,48.880,42,gutter,48.88,,,,,10018
Point-Underhill,976.115,1011.433,49.040,41,curb,49.04,,,,,10017
Point-Underhill,986.002,1019.188,49.270,41,curb,49.27,,,,,10016
Point-Underhill,985.864,1019.459,49.100,42,gutter,49.10,,,,,10015
Point-Underhill,989.521,1021.139,49.140,42,gutter,49.14,,,,,10014
Point-Underhill,989.572,1020.874,49.290,41,curb,49.29,,,,,10013
Point-Underhill,991.994,1021.483,49.280,41,curb,49.28,,,,,10012
Point-Underhill,991.999,1021.676,49.100,42,gutter,49.10,,,,,10011
Point-Underhill,992.997,1021.922,49.100,42,gutter,49.10,,,,,10010
Point-Underhill,992.978,1021.611,49.270,41,curb,49.27,,,,,10009
Point-Underhill,993.586,1021.014,49.210,41,curb,49.21,,,,,10008
Point-Underhill,993.884,1021.022,49.020,42,gutter,49.02,,,,,10007
Point-Underhill,993.199,1020.017,48.990,42,gutter,48.99,,,,,10006
Point-Underhill,993.044,1020.244,49.180,41,curb,49.18,,,,,10005
Point-Underhill,991.376,1018.859,49.150,41,curb,49.15,,,,,10003
Point-Underhill,991.514,1018.567,48.950,42,gutter,48.95,,,,,10002
